name,calories_100g,protein,carbs,fat,serving_grams,verified
Chicken Recognize,203.31,0.42,20.4,8.75,80,True
Potato News,77.94,6.53,47.81,1.55,120,True
Potato Stand,194.44,5.86,43.23,14.23,80,True
Beans Leg,318.36,12.28,42.14,8.99,100,True
Egg Before,119.48,7.61,20.12,6.39,80,True
Corn Quickly,83.08,8.95,9.47,15.03,150,True
Rice Money,143.94,9.79,44.77,6.92,50,True
Milk Despite,66.07,19.14,53.05,11.23,150,True
Egg Dinner,314.19,17.79,37.08,20.17,200,True
Milk Share,271.97,23.86,68.39,6.7,150,True
Noodles Hospital,213.3,28.18,13.97,3.6,200,True
Roti Between,68.18,9.66,30.55,20.13,120,True
Fish Five,307.89,16.56,48.03,0.88,50,True
Carrot Summer,165.9,6.38,57.29,10.16,50,True
Dal Team,126.41,29.36,38.07,13.49,150,True
Burger Maybe,213.72,25.09,31.98,8.87,100,True
Carrot Discussion,262.27,10.12,54.76,24.91,80,True
Curd Remember,105.74,11.84,56.16,18.54,180,True
Paneer Speech,257.19,27.74,8.78,20.84,50,True
Milk Moment,91.67,16.85,19.58,12.42,180,True
Bread Public,177.6,9.26,54.48,18.81,50,True
Corn Group,281.63,28.69,38.36,4.13,150,True
Curd Study,227.47,14.82,23.99,9.89,120,True
Pizza Official,297.48,0.54,60.08,9.83,200,True
Corn Seek,75.7,25.04,45.63,19.36,120,True
Mango Radio,60.46,11.91,54.86,2.62,180,True
Corn History,236.44,21.86,30.5,2.49,100,True
Apple Heavy,65.22,16.45,43.48,3.03,200,True
Cheese Court,167.09,12.11,59.33,11.65,80,True
Burger Shake,159.77,11.99,40.73,15.72,200,True
Cheese Tv,54.79,2.79,23.51,3.25,200,True
Potato Defense,294.48,14.08,29.77,21.38,50,True
Bread Once,337.49,3.44,55.63,24.78,80,True
Noodles Site,54.56,8.03,37.09,5.49,180,True
Banana Who,61.25,12.75,28.55,7.79,100,True
Noodles Rather,293.22,17.93,25.59,5.85,50,True
Beans Short,164.56,18.05,11.85,15.57,100,True
Apple Meeting,265.11,9.02,46.39,17.56,180,True
Potato Media,218.22,22.52,19.17,20.6,80,True
Sandwich Think,269.22,8.41,21.14,20.82,100,True
Egg Health,247.92,25.91,50.7,21.83,80,True
Roti Country,290.2,28.17,15.35,23.01,180,True
Pasta Community,193.54,23.04,26.69,16.76,200,True
Butter Human,319.03,7.02,38.21,7.9,150,True
Curd Traditional,235.74,6.9,9.28,21.35,120,True
Mango Pressure,290.43,21.2,69.41,8.73,80,True
Dal Nation,294.38,21.58,5.4,24.32,80,True
Sandwich Student,59.45,11.1,63.01,4.21,180,True
Egg Mrs,192.71,11.32,23.98,19.23,100,True
Noodles Clear,330.35,24.68,37.46,24.38,200,True
Apple Tonight,119.37,26.25,20.08,2.77,150,True
Potato Officer,175.59,2.93,13.28,24.87,120,True
Curd Seem,180.94,13.52,47.12,17.52,120,True
Rice Guess,271.02,27.69,65.55,9.55,120,True
Corn Smile,125.35,9.49,34.2,3.1,200,True
Potato Paper,205.21,24.72,43.89,21.33,180,True
Beans Society,125.18,24.01,17.9,14.21,150,True
Sandwich Few,104.28,9.71,9.62,24.75,150,True
Fish Say,145.08,17.7,51.69,10.43,180,True
Apple Kind,199.2,3.08,35.57,19.16,100,True
Fish Task,50.79,24.31,32.08,15.83,180,True
Carrot Congress,136.07,3.84,69.82,15.42,120,True
Mango Eight,186.72,15.85,22.57,12.25,200,True
Tomato Place,67.98,21.17,61.15,5.51,50,True
Roti Address,233.46,2.28,14.53,20.69,150,True
Bread Present,206.33,16.62,68.13,24.14,150,True
Dal Give,136.06,1.47,25.7,16.32,120,True
Fish Seat,210.51,10.57,55.07,22.33,100,True
Roti Technology,234.35,9.9,40.58,0.19,200,True
Potato Parent,184.36,6.23,12.29,0.98,80,True
Salad Candidate,56.53,9.67,48.62,3.26,120,True
Rice Perhaps,93.7,8.94,50.29,16.51,120,True
Dal Process,226.32,11.37,25.22,22.96,180,True
Egg Price,69.75,20.42,45.54,15.84,50,True
Banana Agreement,262.5,9.54,54.42,21.1,150,True
Pasta Energy,139.92,1.11,53.32,1.99,50,True
Pasta Act,125.47,12.81,68.89,3.82,50,True
Beans Control,289.52,20.83,66.45,17.98,50,True
Burger Themselves,335.3,14.99,13.29,17.85,200,True
Pizza Really,73.61,10.77,59.28,17.56,150,True
Salad Everything,58.27,3.27,59.28,5.41,100,True
Pizza Hold,282.55,28.91,35.98,14.16,80,True
Noodles Be,211.59,11.93,27.54,23.97,100,True
Butter Improve,253.34,12.05,41.93,9.09,150,True
Milk Save,229.23,19.58,60.87,24.13,100,True
Noodles Practice,93.35,18.51,57.28,14.55,80,True
Rice Ground,156.41,13.1,60.09,10.33,180,True
Burger Good,151.96,12.12,33.49,18.48,100,True
Curd Tell,283.28,23.29,14.93,10.63,180,True
Corn Responsibility,297.52,16.19,66.39,2.31,120,True
Pizza While,150.77,3.01,53.56,10.43,150,True
Bread Themselves,226.97,9.89,8.87,19.35,50,True
Noodles Enough,165.83,19.05,37.63,24.5,200,True
Sandwich Answer,84.43,25.03,18.92,10.9,50,True
Milk Develop,318.13,9.38,34.48,19.91,80,True
Paneer White,338.49,22.18,29.82,24.29,200,True
Curd Yard,272.82,22.04,50.19,20.85,80,True
Beans Job,327.78,2.94,17.23,8.77,180,True
Corn Hundred,233.4,0.13,38.96,6.64,100,True
Chicken Ball,231.77,23.51,55.68,16.32,200,True
Cheese Down,143.63,19.7,48.33,19.16,80,True
Bread Month,63.41,7.85,40.22,0.43,150,True
Cheese Indeed,166.51,2.41,64.23,2.6,100,True
Banana Story,205.01,22.23,5.33,21.39,50,True
Carrot Yeah,223.81,26.65,61.14,20.83,100,True
Carrot Resource,338.17,20.41,36.5,8.62,80,True
Fish Similar,175.66,18.92,33.97,18.94,100,True
Fish Himself,227.17,19.22,56.88,20.69,120,True
Burger Gas,294.97,29.48,69.57,2.43,120,True
Rice Run,321.22,16.38,32.35,14.87,50,True
Roti Several,205.22,14.19,6.35,23.09,200,True
Chicken Would,148.87,16.35,21.3,11.44,80,True
Dal Maybe,335.6,22.96,44.49,21.02,50,True
Bread Production,337.87,20.53,20.96,24.53,180,True
Pizza Deal,246.7,28.22,19.14,18.45,120,True
Curd Population,48.36,22.11,62.23,24.61,80,True
Noodles Industry,177.98,23.35,50.66,11.3,80,True
Noodles Mrs,212.79,12.86,42.19,18.16,50,True
Beans Hot,244.03,28.59,56.02,23.73,200,True
Egg Star,60.77,10.58,52.48,9.33,150,True
Orange Yard,208.68,9.58,42.44,9.77,80,True
Corn Your,163.44,1.01,53.73,6.55,100,True
Milk Least,69.04,19.4,6.09,0.97,50,True
Chicken Theory,227.31,16.49,10.93,0.88,80,True
Sandwich Risk,94.9,12.23,55.43,1.38,120,True
Curd Game,55.17,7.27,22.15,12.37,200,True
Fish Miss,198.57,3.79,27.4,18.98,120,True
Chicken Career,297.46,18.19,54.3,2.96,200,True
Orange Employee,239.5,4.93,48.31,15.75,120,True
Paneer Imagine,332.78,16.76,47.29,2.12,180,True
Sandwich Part,40.53,29.33,45.39,14.69,50,True
Chicken Red,210.19,28.29,13.54,12.49,180,True
Burger Sound,340.29,11.15,8.76,17.37,150,True
Noodles All,312.71,24.13,42.48,3.55,50,True
Bread Plant,131.35,9.69,14.3,20.62,50,True
Rice Approach,219.62,22.93,52.38,16.09,100,True
Milk Life,57.2,17.61,26.47,18.84,80,True
Soup Until,235.6,24.47,62.56,8.69,150,True
Orange Assume,241.7,0.59,27.4,12.89,180,True
Banana Trip,179.81,24.08,48.21,18.79,180,True
Sandwich Prove,188.17,8.13,64.86,15.55,150,True
Egg Natural,329.4,19.24,43.63,16.17,80,True
Paneer Other,134.7,20.85,28.84,20.76,80,True
Soup Hotel,172.32,13.26,64.77,1.52,150,True
Dal Left,81.65,21.72,30.47,8.0,180,True
Roti Fly,65.49,9.3,62.68,12.42,150,True
Sandwich Maintain,272.13,28.81,11.81,10.39,180,True
Soup After,336.51,4.69,19.13,1.66,150,True
Pizza Security,171.54,19.93,8.44,24.01,100,True
Butter Upon,63.69,14.58,68.49,3.1,100,True
Corn Serve,68.64,25.34,53.32,8.95,100,True
Cheese Threat,332.99,11.52,15.4,6.36,180,True
Pasta Child,327.78,10.27,45.94,1.77,200,True
Carrot Value,97.03,10.24,12.94,14.07,120,True
Egg Run,78.82,21.62,21.13,9.64,200,True
Cheese Point,307.41,4.42,63.75,15.59,180,True
Curd Art,50.02,20.42,36.46,17.83,50,True
Salad Way,50.09,24.24,45.95,7.85,150,True
Butter Structure,170.42,26.93,64.76,20.13,120,True
Burger At,348.72,10.07,9.4,18.14,50,True
Potato Majority,198.73,11.86,69.38,10.02,150,True
Mango Experience,223.8,7.36,22.74,11.65,50,True
Rice Wind,144.74,4.14,37.09,1.7,200,True
Apple A,286.91,14.81,65.64,12.11,50,True
Cheese Away,71.58,16.36,11.0,2.85,150,True
Dal Home,248.79,11.65,45.82,17.48,80,True
Potato Country,229.77,29.06,41.57,20.33,80,True
Noodles Shake,82.65,17.54,68.09,0.07,50,True
Carrot World,141.04,16.11,58.99,18.88,50,True
Potato Recently,199.23,3.59,38.94,13.35,50,True
Banana Drop,228.54,11.08,61.83,14.94,180,True
Corn Source,47.71,3.4,34.25,12.43,100,True
Tomato Safe,96.52,25.02,20.54,19.78,200,True
Beans Plant,117.25,5.96,68.3,6.41,200,True
Corn How,327.27,29.97,8.38,8.36,200,True
Sandwich Mention,262.74,13.78,45.0,14.05,80,True
Beans House,297.04,0.88,51.07,18.82,150,True
Tomato Event,90.39,10.06,39.89,17.84,80,True
Mango Model,45.27,17.07,62.07,24.51,50,True
Soup Authority,318.21,24.38,25.35,3.51,150,True
Mango Part,259.2,16.75,50.03,21.25,120,True
Tomato Will,144.21,14.0,28.97,23.75,200,True
Beans Impact,344.49,14.63,21.94,1.76,200,True
Pasta Late,211.15,3.96,62.45,12.53,120,True
Rice Over,237.75,25.21,44.33,21.4,80,True
Salad Money,134.49,2.8,49.99,21.58,120,True
Egg Note,111.24,25.09,32.3,6.49,50,True
Butter Affect,165.68,24.64,45.87,12.7,200,True
Egg Debate,41.39,13.98,63.67,0.31,100,True
Milk Since,170.69,9.14,6.8,24.36,80,True
Sandwich Soon,203.64,12.25,22.06,3.18,100,True
Orange Design,248.34,11.91,62.37,5.87,50,True
Potato Daughter,308.79,17.31,29.5,0.81,150,True
Orange Focus,62.18,5.78,39.14,23.86,50,True
Pasta West,339.3,22.19,34.28,7.3,80,True
Pizza Amount,86.89,19.99,59.06,18.97,80,True
Roti Really,111.74,24.43,68.3,10.99,150,True
Cheese Suddenly,302.38,8.65,5.42,20.55,80,True
Salad Style,122.19,2.22,8.31,8.91,120,True
Curd Nor,250.29,17.96,11.98,14.14,120,True
Fish Pay,76.64,11.98,47.86,24.32,150,True
Sandwich Push,347.94,8.66,65.6,13.22,80,True
Bread Exist,247.38,10.21,51.87,12.41,150,True
Apple Account,209.31,28.1,24.05,18.14,150,True
Orange Green,133.13,4.57,54.03,15.89,200,True
Butter Where,136.69,9.95,42.78,5.4,50,True
Apple Agreement,293.79,1.18,19.02,19.34,80,True
Salad Population,158.91,9.46,52.03,18.77,150,True
Burger Station,204.42,12.78,42.1,14.64,150,True
Mango Government,241.89,19.8,58.4,15.39,150,True
Banana View,259.44,11.42,55.22,21.98,200,True
Orange Quite,133.77,29.82,50.1,4.56,50,True
Orange Our,200.95,7.16,18.3,4.01,80,True
Fish Send,226.38,4.96,67.58,13.05,50,True
Mango Seek,216.39,3.17,45.1,8.49,200,True
Salad Understand,325.96,27.45,5.65,5.35,80,True
Dal Various,202.73,24.33,18.81,24.89,50,True
Orange Far,58.09,14.69,44.88,1.05,50,True
Corn Figure,106.73,22.24,60.73,19.7,180,True
Egg Behind,74.68,23.6,20.82,5.4,180,True
Bread Magazine,229.74,25.77,18.83,16.61,80,True
Salad Despite,249.81,7.39,41.43,12.56,120,True
Carrot Glass,297.98,27.57,9.91,6.49,120,True
Curd Hotel,72.12,12.29,13.73,23.43,80,True
Chicken Dark,269.41,15.87,36.51,23.43,100,True
Burger Role,121.81,29.99,64.65,15.48,200,True
Rice Throughout,49.03,3.18,10.78,2.76,80,True
Dal Act,319.65,12.94,33.41,1.13,150,True
Rice Wear,90.9,3.24,57.06,3.33,120,True
Potato Likely,132.86,15.53,32.45,7.33,100,True
Fish Pattern,217.92,20.79,29.84,4.98,50,True
Chicken Through,47.14,14.12,18.24,3.76,50,True
Roti Will,179.4,8.22,62.24,13.19,120,True
Banana Mission,64.14,1.94,66.25,4.44,100,True
Salad Care,347.24,0.94,33.1,22.0,120,True
Carrot Great,303.23,13.34,14.63,14.14,200,True
Noodles Next,165.96,5.13,34.18,0.29,100,True
Banana Sit,89.53,20.83,64.91,11.59,50,True
Milk Receive,227.82,2.94,63.82,21.76,200,True
Tomato More,68.44,28.92,51.49,19.05,50,True
Paneer Social,310.91,14.53,44.84,9.22,150,True
Fish Fight,341.6,22.17,45.59,3.32,100,True
Cheese Suggest,196.58,27.95,38.73,24.85,150,True
Roti Cell,82.79,26.49,27.18,13.43,200,True
Roti Beautiful,57.0,7.86,63.15,22.24,120,True
Pasta Read,86.83,25.5,65.06,8.17,180,True
Fish Effort,147.53,20.81,30.74,12.02,80,True
Curd Three,132.13,19.06,65.31,11.58,80,True
Paneer Artist,58.78,9.65,59.55,11.59,100,True
Curd One,250.01,22.65,10.12,11.1,120,True
Mango Positive,243.02,13.97,40.48,17.66,180,True
Corn Present,308.72,14.58,43.67,8.66,100,True
Fish Modern,251.93,19.2,68.79,23.15,100,True
Salad Memory,46.48,11.13,48.0,17.68,120,True
Carrot Tree,243.09,21.01,24.58,13.64,150,True
Burger Interview,120.91,8.13,27.46,24.64,80,True
Curd White,256.34,7.59,40.54,21.19,50,True
Pasta Add,132.18,10.92,67.29,9.85,80,True
Egg Large,47.86,14.15,50.4,12.58,100,True
Tomato Attorney,111.24,18.88,49.84,22.36,200,True
Corn Say,210.38,28.87,9.6,20.0,80,True
Chicken Fund,269.56,0.3,65.49,17.57,80,True
Curd Community,171.03,11.89,26.26,0.39,180,True
Mango Structure,146.34,11.5,20.09,24.37,180,True
Milk Myself,188.99,24.39,27.88,4.16,150,True
Milk Soldier,246.89,16.26,40.01,19.46,50,True
Cheese Four,291.44,0.8,68.37,13.52,180,True
Corn Fight,145.05,18.75,14.16,0.68,150,True
Corn Appear,179.03,7.2,32.82,3.8,120,True
Pasta Near,244.9,3.6,57.1,6.81,180,True
Potato Professional,80.28,11.34,42.37,11.5,50,True
Potato Year,60.22,27.21,69.56,5.31,80,True
Roti Out,93.96,7.81,54.11,1.25,150,True
Apple House,304.81,5.33,10.57,8.26,120,True
Apple Fire,237.08,29.45,23.77,10.6,80,True
Butter Think,260.83,5.35,67.02,19.06,100,True
Orange Fall,235.27,6.09,63.38,10.01,200,True
Corn Spend,109.3,25.61,27.41,11.64,50,True
Roti Seek,125.88,16.98,14.19,13.88,50,True
Dal Expert,50.67,29.02,51.92,16.64,150,True
Cheese Stand,234.4,29.93,7.55,19.37,120,True
Pizza We,159.1,12.82,21.35,22.38,180,True
Roti Easy,265.89,12.8,8.09,6.59,180,True
Noodles Page,54.34,14.17,63.67,8.09,50,True
Orange Pm,202.28,2.22,15.36,9.6,150,True
Banana Even,124.58,8.13,62.14,9.11,50,True
Corn Gas,68.19,10.01,55.63,11.37,150,True
Pasta Stock,161.51,1.32,62.56,5.2,100,True
Sandwich Fine,92.81,7.71,20.69,8.22,200,True
Soup Go,52.54,7.34,23.66,19.14,100,True
Corn Society,244.79,18.1,13.0,17.26,100,True
Potato Control,274.18,3.39,48.72,11.49,150,True
Soup Song,251.95,24.62,51.92,20.83,100,True
Egg Finally,221.2,21.7,42.89,12.63,80,True
Chicken Purpose,74.52,18.6,65.12,16.43,120,True
Noodles Keep,107.24,11.83,34.02,20.09,50,True
Butter Form,74.27,5.62,55.44,13.67,50,True
Beans Although,236.98,3.5,61.28,23.59,180,True
Chicken Question,61.19,15.21,24.37,2.36,180,True
Mango High,64.74,23.08,20.82,17.4,180,True
Rice Authority,131.1,17.35,37.47,14.97,120,True
Beans Hold,135.35,28.08,10.25,9.19,120,True
Roti Report,177.09,0.09,61.27,22.35,50,True
Orange Provide,213.07,28.13,14.95,20.66,120,True
Fish Sometimes,239.12,14.3,9.71,1.31,150,True
Burger Smile,213.64,1.69,64.07,1.8,80,True
Roti Beat,150.67,24.15,17.94,13.76,200,True
Corn Reality,145.29,5.36,6.98,6.81,80,True
Pizza Wide,292.13,12.48,5.05,23.01,50,True
Fish Through,135.18,10.08,28.01,0.1,150,True
Tomato Think,232.29,18.48,55.83,15.94,50,True
Roti Try,345.75,2.5,56.17,13.96,100,True
Bread Draw,268.18,3.83,26.11,15.53,50,True
Apple Best,347.3,18.95,8.33,11.73,200,True
Banana His,236.18,8.49,21.94,1.1,150,True
Tomato Try,80.8,0.77,28.5,11.32,180,True
Paneer Citizen,186.08,17.07,31.32,4.21,50,True
Sandwich Behavior,340.08,8.91,41.09,2.17,50,True
Roti Husband,96.32,16.0,29.73,16.82,50,True
Fish Reach,58.03,5.19,20.63,17.11,80,True
Roti Bar,182.91,3.79,47.31,14.59,100,True
Rice Professor,297.41,16.51,48.55,17.12,120,True
Chicken Win,255.53,17.1,34.74,8.76,180,True
Mango Total,98.24,0.67,58.79,21.84,200,True
Chicken Someone,109.41,13.87,9.73,9.44,200,True
Milk Where,327.51,24.79,17.86,20.73,80,True
Bread Food,293.12,27.59,37.08,16.97,120,True
Roti Identify,256.11,28.69,55.26,10.42,80,True
Roti Hit,321.47,13.03,19.43,14.52,120,True
Orange Owner,94.28,13.5,63.29,13.36,180,True
Noodles Possible,43.04,21.32,28.48,1.21,80,True
Apple Approach,54.74,21.82,22.83,1.7,200,True
Corn Whether,298.34,16.35,23.73,19.34,80,True
Milk Attention,62.95,13.59,24.59,12.74,150,True
Milk Who,254.04,15.63,37.63,8.16,100,True
Bread Place,92.12,28.49,69.07,16.14,100,True
Mango Campaign,176.99,22.51,19.0,20.04,200,True
Pizza Walk,160.72,4.81,60.38,9.85,180,True
Apple Plant,148.33,6.18,40.53,13.97,180,True
Chicken Improve,240.32,23.55,56.43,19.06,150,True
Apple His,294.73,26.58,54.36,13.31,100,True
Noodles Significant,124.9,11.68,34.07,11.67,200,True
Apple Public,335.29,5.55,28.87,14.62,80,True
Pasta Son,231.95,3.95,14.67,24.28,80,True
Chicken Generation,136.16,19.01,40.35,19.81,80,True
Cheese Popular,117.44,2.86,23.86,0.24,50,True
Carrot Feeling,264.61,8.26,28.41,0.25,200,True
Roti Hair,295.36,13.03,19.72,19.74,50,True
Sandwich Yourself,288.26,8.36,56.5,8.78,100,True
Rice School,238.02,20.54,8.99,2.29,100,True
Noodles Fish,110.19,13.49,53.83,17.18,180,True
Egg By,234.35,7.57,17.9,24.77,80,True
Noodles Work,155.11,21.14,59.92,24.27,150,True
Mango Capital,281.5,25.29,38.58,11.56,50,True
Egg Notice,95.18,12.7,11.48,21.56,120,True
Pasta Particular,126.15,28.01,56.4,10.66,80,True
Salad Wonder,235.34,27.29,38.53,13.39,100,True
Corn Near,316.94,24.53,14.59,12.1,150,True
Pizza Attorney,165.97,1.68,16.23,20.19,100,True
Sandwich Now,188.3,16.54,23.84,12.64,80,True
Milk Purpose,96.66,24.12,10.21,24.89,180,True
Bread Voice,132.13,24.87,8.65,17.88,100,True
Burger Data,317.6,21.33,27.46,5.72,100,True
Burger Try,312.4,0.23,50.55,22.76,80,True
Dal Husband,72.42,11.09,41.61,3.5,100,True
Roti Despite,243.05,21.71,8.45,12.45,50,True
Cheese Position,158.07,2.35,68.92,11.04,120,True
Orange Treatment,228.79,15.59,37.41,7.11,50,True
Noodles Kind,167.51,27.34,49.4,3.24,50,True
Bread Interesting,139.65,22.02,39.12,5.88,180,True
Curd Season,155.19,9.18,39.45,7.71,150,True
Rice Real,148.22,6.6,53.31,23.87,150,True
Apple Rate,122.52,21.08,57.17,19.52,80,True
Paneer In,170.79,1.43,7.94,17.14,50,True
Curd Whole,106.16,3.68,58.25,23.57,120,True
Orange We,222.41,28.12,6.85,16.99,200,True
Beans Story,214.53,17.3,10.83,9.45,50,True
Burger Prove,193.43,2.94,68.76,14.13,120,True
Egg Respond,87.9,5.54,43.54,21.47,180,True
Bread Thought,195.63,2.14,52.62,2.3,80,True
Noodles Throughout,133.29,6.67,58.37,8.48,200,True
Sandwich Could,117.35,4.63,14.74,19.02,50,True
Fish Government,300.56,1.36,69.56,19.4,80,True
Roti Word,315.95,16.37,23.04,15.47,80,True
Beans Town,87.54,3.78,6.41,8.15,180,True
Potato Avoid,100.52,27.38,12.6,19.45,180,True
Banana Success,122.57,16.99,14.28,5.59,80,True
Bread Vote,83.94,15.07,14.46,14.08,200,True
Sandwich Lot,147.67,8.37,48.52,14.14,150,True
Butter Get,77.14,2.55,43.47,4.98,80,True
Salad Employee,276.97,20.79,45.05,6.36,100,True
Fish Set,231.76,24.25,18.1,17.42,120,True
Dal Relationship,76.2,12.28,45.64,7.06,180,True
Tomato Case,79.27,2.77,54.27,3.18,180,True
Roti He,200.5,20.9,21.72,5.34,200,True
Burger Training,86.11,19.53,64.35,8.59,120,True
Apple Teach,96.45,20.08,45.77,20.01,80,True
Bread Respond,190.26,13.11,51.25,9.82,180,True
Potato Up,274.39,8.44,11.57,8.12,100,True
Salad Son,208.67,26.7,60.57,2.24,150,True
Paneer Its,93.6,11.09,68.66,1.36,200,True
Butter Eye,281.34,19.52,26.98,13.52,80,True
Tomato Ability,184.98,24.84,30.78,17.57,150,True
Fish Phone,188.33,9.34,7.01,17.08,100,True
Cheese Really,313.48,20.71,51.94,9.76,80,True
Corn Include,167.28,23.65,43.08,24.56,50,True
Beans Each,121.2,7.52,40.94,7.45,200,True
Dal Staff,63.69,7.89,69.96,20.09,120,True
Rice Major,288.07,2.99,63.75,3.67,180,True
Potato Single,251.68,12.56,28.81,2.45,50,True
Burger Measure,197.12,28.14,50.44,19.37,120,True
Carrot Scene,215.03,15.77,64.94,24.14,100,True
Soup Movie,104.77,0.12,21.03,19.46,180,True
Curd Put,181.11,17.23,64.09,9.39,80,True
Carrot Thousand,170.06,20.15,47.17,24.87,150,True
Carrot Degree,178.16,28.4,69.42,8.89,180,True
Fish While,175.02,20.66,52.77,2.63,120,True
Milk Let,119.27,8.56,6.78,4.54,100,True
Mango We,327.53,28.34,36.07,1.56,150,True
Sandwich Its,322.29,25.97,54.66,3.43,180,True
Milk Team,170.89,11.92,42.59,11.27,200,True
Chicken Off,117.23,28.6,27.48,18.02,80,True
Roti Significant,183.78,0.9,33.03,19.9,50,True
Paneer Bed,141.38,9.62,69.82,24.0,120,True
Dal Wind,104.2,25.23,14.51,8.11,100,True
Sandwich Support,186.44,17.4,42.65,16.22,80,True
Potato Our,191.31,2.82,36.59,4.82,50,True
Fish Option,89.95,6.55,6.37,0.47,200,True
Bread Story,155.36,23.23,50.42,15.26,150,True
Egg Century,106.34,22.58,29.96,1.07,150,True
Pasta Worker,147.59,16.94,50.42,21.52,200,True
Roti Light,300.85,18.75,40.15,18.72,100,True
Roti After,70.55,25.2,28.11,18.79,200,True
Cheese Join,132.97,5.13,8.88,3.95,200,True
Salad Water,264.27,3.48,35.88,2.7,80,True
Mango Too,120.11,10.91,67.1,1.23,100,True
Mango Teacher,64.85,8.04,18.19,12.69,150,True
Corn At,53.67,28.43,32.29,10.53,150,True
Pasta Can,317.91,16.63,22.76,11.84,80,True
Potato Development,262.31,11.23,16.98,16.0,80,True
Cheese Director,206.79,11.58,56.68,8.88,80,True
Pizza Seat,85.77,13.05,19.35,3.8,180,True
Orange Democrat,51.45,17.7,68.62,8.92,150,True
Rice Specific,336.55,27.91,33.08,18.59,120,True
Roti Meet,332.97,5.3,10.6,5.74,150,True
Salad Go,260.15,26.05,59.97,24.91,100,True
Milk Discover,132.53,14.22,25.25,20.96,150,True
Curd Answer,115.58,3.62,64.79,5.11,80,True
Burger Left,150.52,6.26,54.29,17.17,50,True
Soup Guess,163.38,7.4,56.05,0.16,80,True
Pasta International,189.47,16.73,40.38,12.56,80,True
Tomato Participant,312.21,25.89,55.84,24.37,200,True
Soup Eye,108.81,5.27,5.21,23.01,180,True
Salad Above,267.08,24.71,63.76,3.29,150,True
Banana Life,267.18,16.32,36.87,17.08,150,True
Rice Heart,270.95,4.11,18.29,3.2,100,True
Soup What,85.99,28.24,8.2,8.29,100,True
Pasta Approach,78.18,1.87,67.03,24.12,180,True
Roti Expert,160.31,19.46,11.48,5.72,180,True
Pizza Authority,232.66,28.83,51.15,22.89,120,True
Apple Herself,144.95,9.52,27.1,18.2,180,True
Banana Into,84.66,18.55,54.78,20.09,180,True
Chicken Reveal,321.72,28.77,47.83,4.92,180,True
Orange Tend,305.25,5.83,45.08,13.32,80,True
Bread As,91.52,10.78,58.21,16.8,50,True
Noodles Need,84.14,15.23,6.94,21.98,200,True
Roti Speech,178.68,8.53,65.53,9.86,150,True
Dal Rate,126.2,23.8,60.51,0.15,150,True
Fish Who,193.52,13.61,67.5,5.97,80,True
Soup See,97.51,19.24,16.24,15.12,150,True
Soup News,293.19,17.23,20.01,6.05,180,True
Orange Point,62.24,21.24,15.91,15.67,180,True
Curd Now,125.72,1.41,10.33,20.31,50,True
Chicken Walk,185.5,6.77,20.79,5.8,50,True
Rice Site,154.01,11.97,6.04,19.41,200,True
Noodles Always,87.88,29.69,10.38,5.41,50,True
Soup Attention,183.27,19.98,15.52,19.61,200,True
Paneer Customer,96.01,8.97,26.95,20.04,80,True
Apple Expect,292.06,18.76,29.84,0.87,120,True
Sandwich Loss,69.7,28.07,14.14,13.7,100,True
Chicken Interview,264.74,7.38,27.87,20.2,100,True
Apple Animal,294.99,24.36,21.19,5.49,50,True
Pasta Song,174.35,7.11,31.77,22.83,80,True
Cheese Huge,158.68,12.42,59.25,1.73,100,True
Roti West,227.33,18.06,43.34,16.37,120,True
Paneer Approach,127.04,10.55,8.31,24.74,180,True
Potato Give,338.81,2.9,18.5,1.53,100,True
Orange Worry,218.45,12.24,22.38,18.07,200,True
Pasta Break,105.72,11.31,53.41,12.11,120,True
Banana Concern,52.18,14.27,63.83,7.32,200,True
Paneer Difficult,105.54,9.68,59.01,3.16,200,True
Banana Us,170.07,27.83,19.53,15.69,80,True
Pizza Mean,94.19,17.34,39.82,3.94,120,True
Cheese Decide,174.85,1.25,67.0,0.19,80,True
Pizza Mention,321.94,21.16,36.71,7.78,150,True
Orange Build,276.48,25.73,35.72,5.21,150,True
Burger Executive,66.51,22.12,52.09,3.35,200,True
Paneer Party,309.2,19.58,65.33,13.89,180,True
Potato Part,292.37,12.06,24.07,23.23,200,True
Cheese Human,193.76,7.53,15.95,2.31,180,True
Milk Shake,139.54,13.66,8.4,6.07,50,True
Butter Feeling,133.48,3.36,36.69,5.33,180,True
Pasta Vote,120.23,29.78,7.01,6.63,200,True
Cheese Voice,65.32,4.11,59.19,20.52,120,True
Beans Set,44.52,29.44,65.2,13.93,120,True
Carrot Government,170.94,5.11,19.92,4.37,50,True
Orange She,201.19,7.63,5.63,2.59,80,True
Corn Push,52.44,4.32,61.0,7.19,200,True
Corn Law,169.53,2.42,43.99,9.99,50,True
Dal Another,56.19,1.95,39.07,14.01,180,True
Fish Lay,151.42,8.98,33.06,20.71,80,True
Burger Miss,288.76,10.09,26.57,15.27,180,True
Bread Happen,340.62,13.78,13.12,24.13,180,True
Salad Either,104.07,20.97,66.63,22.36,150,True
Roti Degree,89.6,18.68,13.18,19.67,120,True
Paneer With,237.46,23.03,6.58,0.33,100,True
Apple Trade,40.01,21.92,46.32,3.44,150,True
Corn Both,219.17,6.51,32.41,2.11,200,True
Dal Structure,330.06,28.85,32.67,16.16,50,True
Milk Act,317.1,15.79,7.43,21.3,180,True
Cheese Create,297.95,23.14,61.4,9.19,180,True
Carrot Executive,70.4,24.61,26.59,7.02,50,True
Burger Yes,205.76,4.95,69.92,7.47,120,True
Curd Card,82.65,13.11,46.72,5.52,50,True
Roti Tax,129.69,23.37,34.04,13.35,50,True
Bread Bit,290.21,27.82,16.74,17.88,180,True
Burger Medical,297.2,7.3,11.98,8.62,180,True
Soup Worry,49.32,7.55,57.04,16.06,150,True
Roti Fly,322.18,0.47,27.16,7.92,50,True
Banana Big,178.79,23.68,32.26,19.87,50,True
Cheese Trip,84.53,28.19,42.16,7.87,150,True
Dal Police,44.86,5.51,20.58,12.21,120,True
Egg Group,51.51,28.82,65.68,5.26,180,True
Cheese Until,64.47,0.02,30.1,11.54,50,True
Pasta Compare,47.95,14.87,49.19,18.16,180,True
Milk Course,257.63,6.23,21.69,16.3,200,True
Salad Special,112.81,5.27,9.68,5.4,180,True
Cheese Lose,74.96,20.52,51.61,8.64,120,True
Curd Catch,284.05,18.67,28.41,18.34,200,True
Egg Bank,309.04,8.04,12.47,3.52,180,True
Butter Baby,138.14,20.45,69.5,8.45,180,True
Pizza Foot,250.7,23.78,42.56,10.55,80,True
Salad Republican,181.32,8.26,9.03,17.7,180,True
Pizza Himself,161.23,13.03,16.67,23.68,100,True
Curd Customer,129.18,25.92,8.61,20.44,50,True
Pizza Successful,175.94,7.9,10.04,14.89,100,True
Corn Help,123.97,6.12,42.27,16.75,80,True
Pizza Service,117.11,17.18,14.03,12.09,100,True
Carrot As,292.43,28.58,58.05,6.54,200,True
Soup May,224.81,28.02,11.7,13.01,50,True
Carrot Task,199.37,8.42,69.93,16.41,80,True
Paneer Own,262.96,8.84,39.03,7.67,120,True
Curd Need,90.12,8.61,19.8,3.17,120,True
Salad Republican,212.95,11.39,39.85,23.66,180,True
Potato Green,249.64,4.45,8.02,0.15,100,True
Dal Crime,127.02,3.06,23.55,6.2,200,True
Fish Affect,246.14,21.64,43.63,24.46,200,True
Salad Future,150.48,28.45,62.97,1.0,150,True
Beans Pretty,285.98,0.68,46.77,6.72,100,True
Pizza Order,281.71,21.05,31.58,18.12,50,True
Cheese Fish,317.16,11.62,65.14,23.33,50,True
Paneer Fight,65.4,26.68,14.53,6.85,150,True
Butter Security,134.79,22.32,24.52,14.18,120,True
Egg Film,150.18,21.35,8.78,13.14,150,True
Salad Family,140.3,25.39,12.19,4.52,180,True
Noodles Executive,170.61,4.26,50.96,4.82,180,True
Dal Clearly,68.18,19.9,37.54,5.87,50,True
Curd Teacher,221.46,2.2,28.97,6.77,50,True
Potato Mouth,132.08,17.06,45.65,3.59,80,True
Butter Suddenly,129.83,22.34,24.86,5.9,50,True
Rice Past,260.47,21.57,10.04,8.19,200,True
Corn First,189.0,12.52,7.43,8.8,120,True
Banana Nation,297.89,4.17,47.11,10.65,150,True
Salad Tough,58.51,1.59,44.32,20.66,80,True
Fish Case,162.22,9.93,19.55,17.75,150,True
Noodles Establish,323.31,4.55,29.1,8.24,200,True
Burger Part,298.25,0.22,14.2,1.61,100,True
Apple Situation,184.75,7.42,15.1,14.39,180,True
Orange Upon,107.06,23.02,49.53,4.92,150,True
Corn Size,64.52,1.78,61.46,4.99,120,True
Mango Low,211.16,21.11,5.81,17.63,180,True
Dal Suggest,263.04,3.8,5.22,4.38,200,True
Burger Cost,148.11,28.28,62.39,22.96,200,True
Corn Early,198.01,16.99,60.27,12.71,50,True
Corn Just,149.72,6.87,8.64,11.53,200,True
Apple Establish,68.14,14.26,47.92,18.51,120,True
Burger Family,257.0,5.29,52.29,15.16,120,True
Potato Often,104.23,13.65,44.33,9.97,50,True
Tomato American,336.64,17.01,57.79,7.66,50,True
Chicken Family,95.6,8.03,38.51,19.61,120,True
Corn Play,246.49,21.76,28.43,21.49,200,True
Pizza Field,157.48,5.28,18.52,6.06,50,True
Egg People,272.26,8.78,58.03,9.23,120,True
Cheese Dog,209.88,12.63,28.77,23.29,150,True
Fish Service,345.5,28.56,41.14,24.67,50,True
Carrot Between,236.43,0.46,39.94,18.34,150,True
Burger Show,339.89,7.59,65.34,3.16,120,True
Rice Firm,151.44,20.61,57.2,12.62,120,True
Sandwich Through,258.94,28.21,19.82,0.12,50,True
Cheese Partner,197.26,17.7,45.37,16.63,120,True
Pasta Strategy,287.65,22.36,45.92,4.54,150,True
Corn Have,285.84,0.1,11.14,15.73,150,True
Beans Fact,220.84,25.57,14.48,12.94,200,True
Potato Process,113.46,6.58,24.86,5.53,100,True
Pizza Bag,199.75,18.82,55.03,3.83,120,True
Milk Leave,55.86,21.89,47.29,23.17,50,True
Tomato Second,45.9,17.06,68.67,10.55,80,True
Beans Cell,265.05,24.42,61.84,0.3,150,True
Bread Along,250.89,9.23,33.52,6.26,100,True
Noodles Marriage,61.09,24.94,36.95,2.55,100,True
Roti Best,348.62,28.82,61.4,15.83,50,True
Tomato Believe,45.48,25.67,24.63,8.87,50,True
Roti Senior,111.44,28.84,66.39,10.31,180,True
Curd Most,69.69,24.0,16.68,4.05,80,True
Rice Successful,317.22,5.09,41.33,15.2,50,True
Noodles Enjoy,347.62,25.77,63.11,20.63,120,True
Pizza Home,283.77,27.98,23.5,21.2,200,True
Soup Drug,143.57,28.72,25.15,21.83,50,True
Pizza Word,346.45,14.24,48.49,10.73,80,True
Soup Foot,316.08,13.35,8.58,6.61,180,True
Chicken Dream,340.05,1.08,38.02,22.51,80,True
Noodles Room,298.67,13.81,10.24,21.52,120,True
Banana Good,236.31,4.93,43.25,8.96,80,True
Burger In,314.3,21.05,16.99,4.56,200,True
Corn Guess,240.65,13.36,33.02,12.36,120,True
Salad Election,312.1,3.46,54.22,2.14,120,True
Paneer Wear,219.23,4.96,25.42,17.28,100,True
Sandwich Stay,217.19,21.58,43.33,21.38,80,True
Pasta Across,96.19,13.66,33.95,21.3,180,True
Fish Step,343.18,25.71,21.57,2.11,100,True
Potato Ability,161.74,8.22,10.93,16.6,100,True
Corn Right,97.96,3.11,31.51,15.08,150,True
Burger Where,317.11,1.72,22.47,14.9,80,True
Soup Consider,226.68,4.04,20.56,3.77,120,True
Pizza Another,279.08,24.38,35.71,9.65,50,True
Mango Who,170.86,1.56,25.88,9.94,100,True
Bread Human,238.49,18.58,16.84,19.57,150,True
Banana Learn,178.76,1.53,7.93,9.95,200,True
Noodles Determine,144.14,27.73,29.35,12.21,180,True
Corn Age,280.3,17.56,48.01,21.53,50,True
Carrot Gas,289.97,9.12,62.78,11.52,150,True
Pizza Tree,325.21,21.19,69.45,17.62,180,True
Paneer Cause,254.74,14.31,13.91,16.5,50,True
Paneer Reach,317.22,11.92,37.56,13.08,200,True
Tomato Must,106.85,19.57,38.12,5.55,150,True
Soup Message,126.2,16.56,55.38,9.16,120,True
Banana Brother,126.23,22.92,39.52,18.53,150,True
Orange How,348.25,20.99,61.76,22.73,100,True
Orange Sure,335.29,24.93,65.09,12.8,120,True
Corn Ball,183.75,19.92,59.2,14.55,180,True
Salad Defense,125.86,16.63,69.22,19.96,80,True
Roti Laugh,112.43,28.49,13.31,20.2,180,True
Rice Skin,210.7,3.64,47.69,8.87,200,True
Noodles Consider,330.32,16.17,58.03,2.13,150,True
Egg Want,247.86,19.85,61.57,13.35,200,True
Noodles Option,70.72,2.76,29.3,13.62,180,True
Carrot Party,102.75,11.84,49.88,22.87,120,True
Banana Mission,75.09,10.27,12.57,7.54,150,True
Egg Ok,335.0,23.28,65.15,12.97,50,True
Roti Wife,335.36,10.41,39.24,24.49,200,True
Apple Break,140.61,18.63,59.88,1.62,200,True
Sandwich Three,48.03,16.05,27.5,5.02,200,True
Paneer Sea,233.72,0.7,55.49,11.25,200,True
Rice Seem,63.1,21.03,59.0,2.92,150,True
Corn Sound,260.84,19.69,47.63,16.59,50,True
Burger Ready,119.52,20.0,37.62,16.91,150,True
Mango Like,93.88,12.96,52.48,1.89,150,True
Potato Amount,231.99,2.56,68.3,15.46,100,True
Corn Risk,194.42,24.61,13.09,2.8,150,True
Fish Beyond,265.83,5.02,69.85,22.87,50,True
Milk Couple,111.53,6.25,52.08,6.42,180,True
Carrot Break,43.17,7.96,69.38,21.75,200,True
Potato Strong,168.82,26.86,66.89,22.91,50,True
Cheese Occur,133.2,4.07,28.95,0.69,200,True
Burger Kitchen,184.75,10.67,42.73,7.22,120,True
Tomato Executive,346.13,20.79,34.0,9.7,100,True
Bread Design,225.22,3.44,15.94,5.64,150,True
Pizza Sign,96.8,22.06,42.89,3.61,150,True
Roti Human,302.61,10.61,44.54,14.87,100,True
Dal Which,47.48,25.24,49.92,1.1,50,True
Paneer Road,293.4,0.81,19.56,14.33,50,True
Fish Director,293.11,15.74,64.22,23.41,80,True
Curd Peace,128.78,4.8,40.56,8.09,100,True
Milk Collection,132.57,21.84,35.15,6.15,180,True
Mango Society,247.77,27.27,21.97,4.91,180,True
Pasta Believe,342.8,8.74,12.53,6.66,120,True
Corn Wide,117.92,4.74,10.69,13.68,80,True
Tomato Feel,344.2,12.42,53.81,2.12,180,True
Rice Majority,171.57,1.81,5.66,11.47,180,True
Pasta Director,70.68,3.4,29.09,17.47,100,True
Roti Surface,250.8,3.48,5.82,11.45,50,True
Dal It,281.14,24.32,60.11,22.35,80,True
Butter Someone,178.35,2.12,12.13,13.96,200,True
Pizza Administration,289.53,7.2,12.63,17.34,180,True
Mango Thing,301.73,19.21,57.88,11.15,150,True
Banana Those,108.84,8.01,46.63,10.84,100,True
Burger About,44.12,9.23,51.43,8.98,50,True
Rice Off,244.92,2.85,14.14,16.84,200,True
Apple Wind,169.07,6.92,60.04,1.27,200,True
Orange Current,43.85,28.65,33.85,11.35,150,True
Cheese Free,99.41,0.87,66.46,19.81,120,True
Carrot Major,178.01,17.48,47.28,22.59,150,True
Roti Usually,79.44,16.71,23.6,21.85,80,True
Burger Loss,188.28,2.62,10.19,11.26,120,True
Potato Watch,261.98,5.79,39.03,8.22,150,True
Noodles Teacher,80.75,8.41,43.64,6.39,120,True
Noodles Lot,283.94,15.03,5.43,0.25,120,True
Tomato Person,182.1,6.99,9.88,13.15,200,True
Paneer Single,157.48,5.04,37.4,14.71,80,True
Dal Increase,165.25,21.51,27.7,21.98,200,True
Noodles Coach,144.34,5.81,52.28,9.42,80,True
Chicken Feeling,153.54,13.65,23.16,21.79,200,True
Apple Wife,58.86,8.09,59.7,15.73,120,True
Tomato Fear,187.19,2.88,25.5,17.86,180,True
Bread Ability,258.97,23.22,5.38,22.13,200,True
Pizza Treatment,280.28,5.97,38.08,13.03,120,True
Banana Often,77.98,2.59,8.42,10.56,150,True
Tomato Operation,224.73,3.02,25.11,10.18,50,True
Butter Media,87.07,29.72,41.28,11.75,200,True
Pasta Meet,40.16,11.3,67.95,23.85,100,True
Beans Local,321.62,29.01,8.3,18.34,200,True
Cheese Area,75.57,18.17,25.06,8.34,80,True
Egg Girl,51.65,3.86,9.56,14.0,150,True
Mango Billion,69.77,16.42,30.59,10.55,200,True
Butter Nation,128.82,13.31,20.91,17.22,150,True
Egg Whom,245.29,29.92,64.34,13.83,120,True
Fish Speak,348.31,3.16,55.51,15.61,50,True
Beans Economic,227.11,3.55,50.8,12.84,100,True
Bread Forward,197.17,3.64,30.46,12.41,150,True
Fish Word,119.7,29.72,7.7,14.23,150,True
Potato Outside,106.05,21.71,13.58,7.51,80,True
Noodles Office,59.44,18.03,19.63,16.95,150,True
Fish Life,41.87,5.79,54.15,19.27,150,True
Corn Into,134.52,23.72,20.27,1.36,120,True
Fish Yourself,169.12,14.5,46.05,4.35,80,True
Chicken Real,157.96,0.9,9.2,22.8,150,True
Roti Step,216.11,29.92,57.65,10.95,80,True
Sandwich Remember,280.07,0.5,69.29,4.22,100,True
Soup Guess,306.5,9.53,34.98,17.78,120,True
Noodles Across,81.22,6.31,61.23,19.05,80,True
Roti Main,271.04,5.01,43.04,5.35,200,True
Egg Less,78.64,21.47,11.27,9.12,150,True
Paneer Cause,73.29,18.57,35.87,23.8,120,True
Dal Area,159.13,20.87,43.87,23.49,200,True
Pasta Party,333.34,26.89,69.29,10.2,200,True
Fish During,229.41,22.79,65.96,8.01,50,True
Banana Generation,134.91,9.01,54.54,24.35,50,True
Butter Animal,194.4,11.78,57.99,16.5,120,True
Chicken Big,169.56,7.15,61.05,22.42,120,True
Fish Environment,135.07,22.16,58.73,22.42,50,True
Chicken Policy,66.14,19.23,29.98,13.2,200,True
Noodles Maybe,101.24,28.7,36.41,7.54,120,True
Pasta Factor,206.65,28.93,69.28,0.06,180,True
Roti Choice,208.31,6.36,27.74,24.41,50,True
Beans Charge,50.56,2.09,60.21,18.46,180,True
Milk Treatment,224.35,4.66,45.38,5.55,180,True
Pizza Security,298.5,12.89,26.9,3.29,120,True
Salad Up,68.36,11.44,51.33,13.25,50,True
Beans Serious,74.65,21.3,39.63,20.38,50,True
Butter Range,131.74,24.64,42.55,13.92,50,True
Bread Gun,336.3,27.12,16.88,12.09,150,True
Tomato Series,322.8,18.35,67.15,23.29,180,True
Cheese Set,157.11,7.27,7.48,20.67,50,True
Burger Thing,324.8,29.5,28.2,16.4,100,True
Salad Myself,60.35,1.0,28.05,5.24,150,True
Curd Light,320.11,6.88,21.42,11.07,80,True
Roti By,138.6,12.61,7.82,10.1,150,True
Carrot Half,144.81,12.01,49.95,12.31,150,True
Curd Market,279.79,1.68,15.33,17.42,80,True
Beans Well,189.55,24.9,26.97,2.12,120,True
Soup Drop,166.19,12.52,48.13,7.11,120,True
Sandwich Above,321.46,25.33,50.05,24.75,120,True
Banana Result,117.13,2.45,22.45,1.6,200,True
Egg Institution,327.85,24.68,6.2,13.84,50,True
Pasta Charge,238.26,3.07,19.93,23.5,120,True
Egg Seem,205.38,15.29,46.28,0.05,180,True
Cheese Each,89.23,13.46,23.39,23.67,200,True
Dal Together,172.71,1.21,35.55,8.05,100,True
Curd Clearly,146.62,16.57,9.43,22.68,200,True
Salad Discover,188.64,20.02,69.31,19.66,150,True
Cheese Expect,298.5,3.98,15.4,7.2,50,True
Pizza Science,60.89,23.92,39.97,6.91,180,True
Apple Significant,333.72,27.16,39.58,7.3,120,True
Chicken Decide,311.98,15.91,20.88,13.74,120,True
Tomato Quality,110.56,17.85,18.25,24.99,200,True
Salad Gas,229.85,13.56,22.22,6.68,120,True
Sandwich Leader,113.08,26.6,33.94,20.04,50,True
Apple Able,191.8,16.37,55.49,17.07,200,True
Fish Prevent,150.98,19.2,21.31,15.08,180,True
Noodles Market,215.72,15.4,13.57,12.72,200,True
Tomato Weight,206.65,14.92,8.99,17.98,200,True
Banana Great,72.93,12.79,14.18,1.16,180,True
Butter Situation,134.44,14.88,64.03,6.78,120,True
Corn Scientist,241.57,17.11,9.26,8.41,80,True
Sandwich Act,326.87,0.58,19.41,13.25,150,True
Apple Matter,72.53,24.7,32.9,0.54,80,True
Roti Position,232.86,10.23,36.27,23.09,80,True
Roti Argue,281.65,18.87,11.78,14.55,120,True
Noodles Matter,229.4,1.48,37.68,10.9,180,True
Carrot Name,287.74,27.87,29.87,20.69,100,True
Milk Husband,41.06,10.69,68.04,16.49,80,True
Pizza Drug,196.52,13.13,57.21,11.82,200,True
Butter Happen,260.07,21.64,53.18,7.63,200,True
Roti Staff,64.11,10.9,43.14,5.84,200,True
Paneer Southern,271.69,21.65,62.63,22.67,150,True
Fish Model,41.88,10.35,27.17,21.31,180,True
Mango However,332.02,8.94,26.16,21.95,120,True
Tomato Herself,179.21,22.61,46.84,3.31,80,True
Carrot Wait,252.74,1.23,37.36,16.97,180,True
Salad Republican,309.47,5.16,48.36,7.61,150,True
Curd Worker,334.65,6.82,26.69,2.74,180,True
Dal Eat,63.8,12.21,53.87,19.57,200,True
Chicken Successful,232.26,21.49,68.72,6.5,150,True
Curd School,115.63,19.99,52.92,0.06,120,True
Mango Current,234.93,20.5,26.2,0.74,180,True
Fish Actually,309.1,27.87,48.51,15.61,120,True
Sandwich Live,152.32,24.52,66.69,24.9,180,True
Apple Wonder,243.36,21.7,27.29,22.01,100,True
Corn Baby,338.59,20.13,55.41,21.46,100,True
Pasta Finally,175.22,28.73,43.5,22.8,80,True
Banana Pass,295.76,15.8,18.28,12.22,180,True
Salad Soon,115.02,14.1,5.53,14.78,180,True
Milk First,207.55,28.25,61.23,22.91,200,True
Beans Fine,165.95,14.86,8.97,21.05,80,True
Dal It,77.18,19.75,25.13,7.81,120,True
Apple Task,230.5,4.2,11.01,13.58,50,True
Corn Feeling,250.12,20.87,12.62,8.94,200,True
Mango When,265.72,6.15,60.46,2.88,100,True
Carrot Case,100.03,2.95,23.62,23.78,50,True
Orange Nature,124.4,10.96,47.39,3.48,120,True
Roti Establish,155.35,24.14,14.46,18.19,50,True
Egg Institution,164.4,7.01,67.79,17.84,150,True
Cheese Computer,217.14,17.03,6.88,21.5,100,True
Beans Fill,95.1,24.49,16.2,6.83,100,True
Sandwich Trade,260.1,12.5,53.61,24.24,200,True
Roti Project,91.38,17.04,7.27,19.08,150,True
Orange Deep,300.44,11.24,67.0,21.01,200,True
Paneer Off,109.5,19.39,29.45,20.56,200,True
Beans Political,229.65,24.61,53.13,21.47,50,True
Noodles Dinner,206.24,23.7,27.77,23.15,80,True
Fish Perhaps,132.61,23.53,11.89,19.75,150,True
Fish Than,235.46,23.24,51.28,7.91,80,True
Salad Action,166.12,7.67,38.44,21.25,180,True
Banana Wish,135.16,14.06,46.58,18.04,200,True
Carrot Tend,46.45,2.91,35.34,24.1,180,True
Butter Half,300.26,29.17,5.27,14.48,120,True
Beans Hand,110.04,2.36,13.03,16.17,80,True
Noodles New,292.22,21.5,38.96,24.74,50,True
Curd Maybe,48.39,1.26,56.66,13.68,120,True
Tomato Class,317.43,13.94,35.52,12.03,180,True
Cheese Behind,274.58,25.1,28.43,21.93,80,True
Tomato Detail,59.92,12.8,27.21,3.42,200,True
Dal Born,153.9,7.33,38.14,17.48,120,True
Pasta Attention,215.33,18.41,5.43,5.26,80,True
Roti Short,157.44,16.8,60.35,2.95,180,True
Fish Skin,264.87,28.92,67.6,19.49,180,True
Egg Water,177.33,28.93,16.73,3.74,200,True
Orange Significant,331.86,27.73,22.59,13.9,50,True
Banana Speak,320.65,22.95,62.06,21.74,100,True
Pasta Son,71.83,3.73,22.02,1.65,100,True
Soup Not,168.49,29.98,59.21,15.13,100,True
Pasta Whatever,310.47,13.68,35.22,5.67,180,True
Pasta Human,158.38,18.97,53.36,19.74,150,True
Soup South,111.82,29.34,68.7,22.84,180,True
Apple Even,331.72,28.05,53.72,23.2,150,True
Noodles Care,133.26,10.14,46.96,10.2,120,True
Cheese Season,292.96,5.12,35.0,6.01,180,True
Pasta Sort,209.37,6.23,11.83,8.18,80,True
Beans Shoulder,220.76,3.7,30.4,2.38,150,True
Cheese Lawyer,156.7,17.31,45.43,23.63,100,True
Carrot Life,208.54,28.36,12.16,10.42,100,True
Roti Person,311.11,14.16,7.69,1.23,200,True
Corn Animal,342.06,1.3,22.48,24.37,120,True
Carrot Rock,304.85,16.49,56.11,17.19,180,True
Salad Feeling,293.1,4.3,36.87,22.29,50,True
Egg Road,166.34,18.29,38.41,24.9,120,True
Apple Sit,221.59,0.86,21.74,20.49,100,True
Soup President,313.64,11.82,37.79,16.06,120,True
Apple Benefit,79.24,5.46,24.21,4.85,120,True
Soup Talk,164.46,19.53,38.31,2.24,180,True
Soup Board,135.3,21.26,57.87,16.76,200,True
Sandwich Language,247.61,25.27,54.29,2.72,120,True
Butter Leave,196.91,15.94,44.27,3.44,50,True
Rice Argue,134.21,1.54,58.96,6.55,80,True
Bread Language,134.83,10.32,54.34,14.49,50,True
Sandwich Fast,302.71,11.02,50.59,16.23,80,True
Paneer These,240.07,6.4,6.65,1.23,50,True
Bread Rock,46.72,26.25,38.0,2.67,120,True
Salad Full,155.27,11.12,13.38,3.93,150,True
Egg Seat,295.07,4.37,58.23,11.93,180,True
Mango Listen,53.97,2.14,65.33,2.01,80,True
Corn Maybe,177.9,24.99,68.86,10.1,50,True
Soup Meeting,91.19,21.92,68.78,12.22,150,True
Orange Notice,177.29,0.07,59.55,1.8,200,True
Soup Former,232.12,11.38,60.56,4.36,50,True
Milk Run,178.07,7.07,12.48,11.7,80,True
Roti Street,296.05,4.03,59.48,11.01,200,True
Beans Them,67.93,18.49,22.56,6.81,80,True
Banana National,47.09,16.51,14.5,15.3,100,True
Fish Fly,78.72,27.81,51.5,23.6,180,True
Egg Industry,339.86,22.38,45.67,22.46,120,True
Pasta By,162.17,21.73,25.19,1.35,150,True
Corn Despite,93.56,15.63,63.81,10.3,80,True
Apple Republican,329.55,17.18,35.25,10.78,80,True
Fish Collection,308.0,10.36,67.23,21.59,80,True
Carrot Seem,230.11,4.17,5.76,11.3,80,True
Noodles Past,169.22,25.78,47.93,6.5,80,True
Egg When,286.77,23.23,51.51,0.55,200,True
Egg Increase,238.63,28.35,55.78,16.44,120,True
Burger Remember,264.11,13.03,10.43,9.36,50,True
Cheese Save,70.67,29.02,31.23,6.83,120,True
Soup True,177.68,6.33,28.83,11.19,150,True
Bread Under,282.06,7.87,50.04,0.42,100,True
Corn Writer,151.95,18.36,30.04,13.41,50,True
Egg Task,104.93,28.53,36.45,17.57,150,True
Cheese Authority,296.66,7.27,14.83,11.74,100,True
Mango Prove,238.28,9.89,63.25,17.36,180,True
Butter Heart,78.44,21.7,38.7,14.82,150,True
Bread Site,262.89,18.28,57.94,11.32,150,True
Beans Drop,215.09,14.05,40.37,12.77,200,True
Butter History,348.56,26.09,8.69,1.55,180,True
Orange Newspaper,336.97,19.93,5.51,6.42,80,True
Pasta Card,94.16,16.49,39.69,14.03,120,True
Potato Many,173.13,21.51,56.57,24.53,50,True
Paneer Yet,175.61,23.83,10.53,19.62,80,True
Apple Week,245.35,13.08,69.47,20.52,80,True
Orange Policy,252.59,28.66,40.17,18.95,150,True
Milk Speak,261.67,26.77,60.37,9.49,80,True
Sandwich Time,288.56,5.2,16.35,19.37,180,True
Carrot Arm,57.4,18.24,65.66,5.48,150,True
Soup Reach,203.37,16.55,49.12,22.5,200,True
Tomato Cold,332.35,11.89,27.26,22.82,100,True
Tomato Sit,249.17,6.19,10.06,15.15,100,True
Cheese Too,176.38,10.63,67.74,0.59,150,True
Dal Meeting,227.65,10.78,50.23,11.65,200,True
Bread Culture,62.51,14.72,61.94,20.55,50,True
Pasta See,213.73,7.35,59.45,0.89,150,True
Roti Final,348.89,28.81,23.84,5.25,50,True
Curd Community,339.38,21.62,36.84,21.89,100,True
Bread Charge,41.47,11.56,36.9,23.27,200,True
Chicken When,213.25,22.42,17.92,20.05,100,True
Burger Learn,76.27,1.59,38.42,19.1,150,True
Corn We,161.41,1.73,8.12,22.25,120,True
Paneer Place,273.49,11.88,14.95,7.12,50,True
Cheese Budget,40.85,2.0,58.71,19.1,150,True
Rice Method,301.86,5.3,61.29,6.25,50,True
Tomato Happen,225.21,10.0,54.67,10.81,80,True
Corn Able,93.72,3.07,22.65,7.22,200,True
Milk Western,237.74,16.07,49.32,22.41,100,True
Orange Describe,114.15,7.27,65.82,15.59,100,True
Noodles Data,327.04,5.79,14.56,1.27,50,True
Paneer Threat,327.85,12.0,21.75,15.62,50,True
Cheese Own,146.24,19.59,29.12,3.77,80,True
Tomato Push,71.3,15.83,50.71,13.25,120,True
Egg Quite,322.15,1.79,65.1,6.17,180,True
Dal Idea,209.22,3.53,34.47,19.46,100,True
Salad Teacher,248.55,13.41,9.61,4.03,150,True
Potato Over,181.14,15.54,69.27,10.54,100,True
Noodles Consider,218.51,8.98,60.59,14.38,150,True
Soup Control,160.9,28.94,24.38,23.4,120,True
Fish Firm,267.2,2.11,18.77,9.92,100,True
Paneer Smile,51.06,12.51,40.55,13.84,150,True
Sandwich Maybe,175.01,4.23,25.45,7.17,80,True
Rice Couple,134.43,2.59,61.72,17.51,200,True
Cheese Base,263.24,12.42,12.94,17.26,200,True
Pasta Tv,313.68,17.39,33.63,21.47,180,True
Bread Southern,339.71,27.73,65.92,12.19,100,True
Pizza Special,206.82,0.89,6.74,21.73,80,True
Salad Statement,192.82,15.03,65.89,23.45,80,True
Paneer Eat,195.09,11.83,69.15,8.82,150,True
Tomato Plant,73.17,5.96,49.7,16.27,100,True
Orange System,52.58,2.94,52.66,0.85,100,True
Milk Direction,125.69,3.43,11.71,11.68,80,True
Apple Thousand,155.97,9.68,20.39,14.44,120,True
Salad According,50.75,12.56,66.3,15.96,120,True
Cheese Six,219.61,2.96,47.58,2.95,80,True
Bread You,340.74,27.61,28.47,3.75,150,True
Tomato Task,237.54,29.96,21.47,2.87,50,True
Noodles Form,248.33,17.28,16.2,5.87,80,True
Potato White,114.35,23.91,26.51,7.61,150,True
Potato Edge,327.8,5.38,8.78,21.08,50,True
Pizza Style,348.95,9.53,36.11,5.93,50,True
Soup Enough,305.29,28.28,6.63,7.01,120,True
Burger Local,151.46,16.32,16.63,22.88,100,True
Fish Real,90.89,24.29,56.27,22.18,80,True
Roti Teacher,217.16,20.12,12.47,6.46,200,True
Pasta Ask,349.68,3.2,43.6,16.0,120,True
Mango View,41.23,10.5,58.55,23.1,150,True
Egg Fast,221.31,20.9,36.48,20.6,180,True
Soup Away,209.87,19.12,63.64,10.71,100,True
Soup Town,109.33,7.05,6.15,21.39,120,True
Pasta Stand,313.49,16.88,42.51,12.87,100,True
Sandwich Eight,149.35,8.46,12.22,0.61,50,True
Chicken Ok,345.38,4.55,32.42,1.48,50,True
Sandwich Reach,237.52,2.11,20.86,23.33,150,True
Burger Though,262.64,23.17,14.67,18.37,150,True
Bread Future,310.04,9.77,10.97,24.88,200,True
Pasta Drug,312.34,3.36,12.6,13.79,120,True
Cheese Always,298.97,24.85,29.33,1.12,50,True
Corn Month,95.01,3.7,44.86,21.98,200,True
